{"cameraMode":{"drawMode":0,"name":"Shaded","section":"Shading Mode"},"sceneLighting":true,"audioPlay":false,"sceneViewState":{"m_AlwaysRefresh":false,"showFog":true,"showSkybox":true,"showFlares":true,"showImageEffects":true,"showParticleSystems":true,"showVisualEffectGraphs":true,"m_FxEnabled":true},"in2DMode":false,"pivot":{"x":-3.7209882736206056,"y":2.1953792572021486,"z":-3.9968929290771486},"rotation":{"x":-0.10863107442855835,"y":0.8817782998085022,"z":-0.38619735836982729,"w":-0.24803009629249574},"size":23.300222396850587,"orthographic":false}