{"cameraMode":{"drawMode":0,"name":"Shaded","section":"Shading Mode"},"sceneLighting":true,"audioPlay":false,"sceneViewState":{"m_AlwaysRefresh":false,"showFog":true,"showSkybox":true,"showFlares":true,"showImageEffects":true,"showParticleSystems":true,"showVisualEffectGraphs":true,"m_FxEnabled":true},"in2DMode":false,"pivot":{"x":3.146369695663452,"y":10.45828628540039,"z":-15.682172775268555},"rotation":{"x":-0.016486244276165963,"y":0.03989183157682419,"z":-0.0006586050149053335,"w":-0.999075174331665},"size":117.29525756835938,"orthographic":true}